{
    "input_dir": "/home/shared/data/sample_40_for_token_property",
    "time_elapsed_seconds": 355.2229447364807,
    "avg_time_per_contract_in_seconds": 8.880573618412019,
    "avg_gigahorse_time_per_contract_in_seconds": 2.943000000000001,
    "avg_client_time_per_contract_in_seconds": 0.7747499999999999,
    "true_positives": [
        "5214246-0x910845fbbd3210d74a69bc1b39a3e6dcc9630f36",
        "7260811-0x3931684084e386cbe8ca442b504858c9092c37e2",
        "4205882-0xb66852e6c0b65128256b50f6347f045c20347f66",
        "5749529-0xf5ba8a8c87f976b79b17ccd25ee8dc2f8e82fb59",
        "12791834-0xeb02fd6c0b9599d2c0d5fce38662c2a8ebdc32ba",
        "8015737-0xa0562477af9d02c20e9e94280d50022c350ca0a2",
        "11830578-0x410eca3747e2b2021aaba9c7e4f41b23db89b5e2",
        "10862736-0x010194ba9ca34ac26b097a5f204dfb47b21288ea",
        "4796148-0xda15e2f14040cb4927a92655872dec755debdc7c",
        "11594586-0x6b79c616b50e2ee062d81726d4b14ea6dadef1d5",
        "13633094-0xd0338490693f8d218a6c0e4bab85dd88440445ad",
        "5739372-0x77476b54ea80ef1249a76bf2bb2155f3cfe695cc",
        "10264996-0x22cee65575771d6bb2433a63ff6c688dfacec77b"
    ],
    "false_positive": [
        "13598070-0xf484e3dc2b8ddaab541957d1135d1ab75b16e430",
        "13319824-0xcc28a1e703ae3aa71a3beea9d5084b7700f94d6d"
    ],
    "true_negative": [
        "11241912-0x9248c485b0b80f76da451f167a8db30f33c70907",
        "8095094-0x0a24864596c54d79c825e64b281645249c14590c",
        "5175099-0xfedae5642668f8636a11987ff386bfd215f942ee",
        "13825679-0x130e0e6d32d13b508c59033f77de9cd5bb109812",
        "12451712-0x0f70e371335956beacb8a536da2eca290a93805c",
        "12495121-0xa78c4bb3fb6b86344fa752006e1934179f1066ac",
        "12239320-0x5e55527787fdb1cb95ffb5616fa5c9e89f4aff37",
        "4996941-0xa1e4608ff6b4b9324c6472eee2efebd20a20bbe8",
        "4690843-0x5781b54d7c663d69e0df47c9066f88f4995ce4ba",
        "12182382-0xdb267f04d407e118638f8bcfa54d3ffc33da5e52",
        "10867618-0xbf7ccd6c446acfcc5df023043f2167b62e81899b",
        "13770002-0xe45693dbe1f93815265adf4d4555d8a9100ceb76",
        "13701805-0xd66c5642c5fcb969a09acceb484c958a985cec80",
        "6398190-0x9c105e520892978b2a7ecd8545287fdadaec5dd4",
        "11872159-0x4adce60bd2ce5d98eb6de7d3aca2120e585fdb9c",
        "11646873-0xc50cb225e0f45e814fd41bcb3a120463ab1f04c3",
        "13411011-0x98551ce6f382a028b4f0de6034620da32397e199",
        "13136082-0x8707276df042e89669d69a177d3da7dc78bd8723",
        "12831570-0xc535cfe245d8f969e647b3dd8be1255ec076ee76",
        "11386937-0xb6297d8bcd05ed8308ef7d0b08aefec86856b1f8",
        "12299055-0xe5a7db399dec2c5ddefebc52ea70f127284d118d",
        "10944996-0x8ef2bf0c37baaf0bd2eba46431f4188f50d9d340"
    ],
    "false_negative": [
        "3857385-0xd50f2acab96164f3f538980aa8042bf8a4e64b38",
        "7197102-0x876230b33475d175ff1ba685c6523b00884f1cf2",
        "8764138-0x2e146431da3c24cd9ea4337a6981667f4a9020fc"
    ],
    "error": []
}